Workbook

Sheet Resumen
A1: Resumen de ejecución
A3: Módulo | B3: Casos | C3: Pasó | D3: Falló | E3: Bloqueado | F3: Sin ejecutar | G3: % aprobado
A4: Flujo de pedido | B4: =COUNTIF('Casos de prueba'!$B$5:$B$30,A4) -> 6 | C4: =COUNTIFS('Casos de prueba'!$B$5:$B$30,A4,'Casos de prueba'!$J$5:$J$30,"Pasó") -> 0 | D4: =COUNTIFS('Casos de prueba'!$B$5:$B$30,A4,'Casos de prueba'!$J$5:$J$30,"Falló") -> 0 | E4: =COUNTIFS('Casos de prueba'!$B$5:$B$30,A4,'Casos de prueba'!$J$5:$J$30,"Bloqueado") -> 0 | F4: =B4-C4-D4-E4 -> 6 | G4: =IF(B4=0,0,C4/B4) -> 0
A5: Flujo de pedido – negativo | B5: =COUNTIF('Casos de prueba'!$B$5:$B$30,A5) -> 4 | C5: =COUNTIFS('Casos de prueba'!$B$5:$B$30,A5,'Casos de prueba'!$J$5:$J$30,"Pasó") -> 0 | D5: =COUNTIFS('Casos de prueba'!$B$5:$B$30,A5,'Casos de prueba'!$J$5:$J$30,"Falló") -> 0 | E5: =COUNTIFS('Casos de prueba'!$B$5:$B$30,A5,'Casos de prueba'!$J$5:$J$30,"Bloqueado") -> 0 | F5: =B5-C5-D5-E5 -> 4 | G5: =IF(B5=0,0,C5/B5) -> 0
A6: Servicio Python – CRUD | B6: =COUNTIF('Casos de prueba'!$B$5:$B$30,A6) -> 4 | C6: =COUNTIFS('Casos de prueba'!$B$5:$B$30,A6,'Casos de prueba'!$J$5:$J$30,"Pasó") -> 0 | D6: =COUNTIFS('Casos de prueba'!$B$5:$B$30,A6,'Casos de prueba'!$J$5:$J$30,"Falló") -> 0 | E6: =COUNTIFS('Casos de prueba'!$B$5:$B$30,A6,'Casos de prueba'!$J$5:$J$30,"Bloqueado") -> 0 | F6: =B6-C6-D6-E6 -> 4 | G6: =IF(B6=0,0,C6/B6) -> 0
A7: Servicio Python – validación | B7: =COUNTIF('Casos de prueba'!$B$5:$B$30,A7) -> 3 | C7: =COUNTIFS('Casos de prueba'!$B$5:$B$30,A7,'Casos de prueba'!$J$5:$J$30,"Pasó") -> 0 | D7: =COUNTIFS('Casos de prueba'!$B$5:$B$30,A7,'Casos de prueba'!$J$5:$J$30,"Falló") -> 0 | E7: =COUNTIFS('Casos de prueba'!$B$5:$B$30,A7,'Casos de prueba'!$J$5:$J$30,"Bloqueado") -> 0 | F7: =B7-C7-D7-E7 -> 3 | G7: =IF(B7=0,0,C7/B7) -> 0
A8: Servicio Python – reportes | B8: =COUNTIF('Casos de prueba'!$B$5:$B$30,A8) -> 2 | C8: =COUNTIFS('Casos de prueba'!$B$5:$B$30,A8,'Casos de prueba'!$J$5:$J$30,"Pasó") -> 0 | D8: =COUNTIFS('Casos de prueba'!$B$5:$B$30,A8,'Casos de prueba'!$J$5:$J$30,"Falló") -> 0 | E8: =COUNTIFS('Casos de prueba'!$B$5:$B$30,A8,'Casos de prueba'!$J$5:$J$30,"Bloqueado") -> 0 | F8: =B8-C8-D8-E8 -> 2 | G8: =IF(B8=0,0,C8/B8) -> 0
A9: Servicio Python – arranque | B9: =COUNTIF('Casos de prueba'!$B$5:$B$30,A9) -> 1 | C9: =COUNTIFS('Casos de prueba'!$B$5:$B$30,A9,'Casos de prueba'!$J$5:$J$30,"Pasó") -> 0 | D9: =COUNTIFS('Casos de prueba'!$B$5:$B$30,A9,'Casos de prueba'!$J$5:$J$30,"Falló") -> 0 | E9: =COUNTIFS('Casos de prueba'!$B$5:$B$30,A9,'Casos de prueba'!$J$5:$J$30,"Bloqueado") -> 0 | F9: =B9-C9-D9-E9 -> 1 | G9: =IF(B9=0,0,C9/B9) -> 0
A10: Asistente IA | B10: =COUNTIF('Casos de prueba'!$B$5:$B$30,A10) -> 3 | C10: =COUNTIFS('Casos de prueba'!$B$5:$B$30,A10,'Casos de prueba'!$J$5:$J$30,"Pasó") -> 0 | D10: =COUNTIFS('Casos de prueba'!$B$5:$B$30,A10,'Casos de prueba'!$J$5:$J$30,"Falló") -> 0 | E10: =COUNTIFS('Casos de prueba'!$B$5:$B$30,A10,'Casos de prueba'!$J$5:$J$30,"Bloqueado") -> 0 | F10: =B10-C10-D10-E10 -> 3 | G10: =IF(B10=0,0,C10/B10) -> 0
A11: Mapa y rastreo | B11: =COUNTIF('Casos de prueba'!$B$5:$B$30,A11) -> 3 | C11: =COUNTIFS('Casos de prueba'!$B$5:$B$30,A11,'Casos de prueba'!$J$5:$J$30,"Pasó") -> 0 | D11: =COUNTIFS('Casos de prueba'!$B$5:$B$30,A11,'Casos de prueba'!$J$5:$J$30,"Falló") -> 0 | E11: =COUNTIFS('Casos de prueba'!$B$5:$B$30,A11,'Casos de prueba'!$J$5:$J$30,"Bloqueado") -> 0 | F11: =B11-C11-D11-E11 -> 3 | G11: =IF(B11=0,0,C11/B11) -> 0
A12: TOTAL | B12: =SUM(B4:B11) -> 26 | C12: =SUM(C4:C11) -> 0 | D12: =SUM(D4:D11) -> 0 | E12: =SUM(E4:E11) -> 0 | F12: =SUM(F4:F11) -> 26 | G12: =IF(B12=0,0,C12/B12) -> 0
A14: • Criterio de aceptación de la fase: 100 % de los casos de prioridad Alta en 'Pasó' antes de la sustentación.
A15: • Evidencia: pantallazo de pantalla completa con fecha y hora visibles, o video corto; nombrar el archivo con el ID del caso (p. ej. FP-01.png).
A16: • Datos de prueba de MercadoPago: tarjetas de prueba oficiales; titular 'APRO' = aprobado, 'OTHE' = rechazado.
A17: • Si un caso falla: registrar el defecto, describir la acción de mejora, corregir y volver a ejecutar (registrar la nueva fecha).

Sheet Casos de prueba
A1: Urban Eats – Plan de pruebas y evidencias (Fase 6)
A2: Diligenciar las columnas 'Resultado obtenido', 'Estado', 'Evidencia' (nombre del pantallazo o video, con fecha y hora) y 'Responsable'. La columna 'Acción de mejora' se completa solo si el caso falla.
A4: ID | B4: Módulo | C4: Caso de prueba | D4: Tipo | E4: Prioridad | F4: Precondición | G4: Pasos | H4: Resultado esperado | I4: Resultado obtenido | J4: Estado | K4: Evidencia | L4: Acción de mejora | M4: Responsable | N4: Fecha de ejecución
A5: FP-01 | B5: Flujo de pedido | C5: Cliente crea un pedido y paga | D5: Funcional | E5: Alta | F5: Cliente registrado con sesión iniciada. Cocina de demostración publicada con platos activos. MercadoPago en modo prueba. | G5: 1. Ir al catálogo. 2. Agregar 2 platos al carrito. 3. Confirmar dirección de entrega. 4. Pagar con tarjeta de prueba aprobada (APRO). | H5: El pago queda 'approved', el pedido se crea en estado 'Solicitado' con fecha y hora, y el cliente ve el resumen del pedido.
A6: FP-02 | B6: Flujo de pedido | C6: Cocina acepta y prepara el pedido | D6: Funcional | E6: Alta | F6: Pedido en estado 'Solicitado' con pago aprobado. Usuario con rol cocina/gerente de la cocina dueña del pedido. | G6: 1. Iniciar sesión como cocina. 2. Abrir el panel de pedidos. 3. Pulsar 'Aceptar' en el pedido. | H6: El pedido pasa a 'En preparación' y se registra la hora del cambio. El cliente ve el nuevo estado al recargar.
A7: FP-03 | B7: Flujo de pedido | C7: Cocina marca el pedido como listo | D7: Funcional | E7: Alta | F7: Pedido en 'En preparación'. | G7: 1. Desde el panel de cocina pulsar 'Listo para envío'. | H7: El pedido pasa a 'Listo para envío', aparece en la lista de pedidos disponibles para repartidores y se registra la hora.
A8: FP-04 | B8: Flujo de pedido | C8: Repartidor toma el pedido | D8: Funcional | E8: Alta | F8: Pedido en 'Listo para envío'. Usuario con rol repartidor activo. | G8: 1. Iniciar sesión como repartidor. 2. Abrir 'Pedidos disponibles'. 3. Pulsar 'Tomar pedido'. | H8: El pedido queda asignado a ese repartidor, pasa a 'En camino', desaparece de la lista de disponibles y se registra la hora.
A9: FP-05 | B9: Flujo de pedido | C9: Repartidor entrega el pedido | D9: Funcional | E9: Alta | F9: Pedido 'En camino' asignado al repartidor de la sesión. | G9: 1. Pulsar 'Marcar como entregado'. | H9: El pedido pasa a 'Entregado' con hora de entrega; deja de aparecer en los pedidos activos del repartidor.
A10: FP-06 | B10: Flujo de pedido | C10: Cliente ve el pedido entregado | D10: Funcional | E10: Alta | F10: Pedido en 'Entregado'. | G10: 1. Iniciar sesión como el cliente. 2. Abrir 'Mis pedidos'. | H10: El pedido aparece como 'Entregado' con la línea de tiempo de los 5 estados y sus horas.
A11: FN-01 | B11: Flujo de pedido – negativo | C11: Doble toma del mismo pedido | D11: Negativo | E11: Alta | F11: Pedido en 'Listo para envío'. Dos repartidores con sesión en navegadores distintos. | G11: 1. Ambos repartidores abren 'Pedidos disponibles'. 2. El repartidor A pulsa 'Tomar pedido'. 3. El repartidor B pulsa 'Tomar pedido' sobre el mismo pedido sin recargar. | H11: Solo A queda asignado. B recibe el mensaje 'El pedido ya fue tomado por otro repartidor' y el estado no cambia dos veces.
A12: FN-02 | B12: Flujo de pedido – negativo | C12: Cancelar un pedido ajeno | D12: Negativo / seguridad | E12: Alta | F12: Pedido del cliente A en 'Solicitado'. Cliente B con sesión iniciada. | G12: 1. Como cliente B, enviar la petición de cancelar el pedido de A (cambiando el id en la URL o en el formulario). | H12: La aplicación responde 403 / mensaje 'No puede modificar un pedido que no es suyo'. El pedido de A sigue en 'Solicitado'.
A13: FN-03 | B13: Flujo de pedido – negativo | C13: Entregar un pedido que no está 'En camino' | D13: Negativo | E13: Alta | F13: Pedido en 'En preparación'. Repartidor con sesión. | G13: 1. Enviar la acción 'entregar' sobre ese pedido (URL directa). | H13: Se rechaza con el mensaje 'Transición de estado no permitida'. El estado no cambia.
A14: FN-04 | B14: Flujo de pedido – negativo | C14: Pago rechazado | D14: Negativo | E14: Alta | F14: Cliente con carrito listo. MercadoPago en modo prueba. | G14: 1. Pagar con tarjeta de prueba rechazada (titular OTHE). | H14: El pedido no llega a la cocina; el cliente ve 'Pago rechazado' y puede reintentar. No se crea pedido 'Solicitado'.
A15: PY-01 | B15: Servicio Python – CRUD | C15: Crear solicitud de vinculación de cocina | D15: Funcional | E15: Alta | F15: Servicio FastAPI corriendo en :8000. Base de datos disponible. | G15: 1. POST /solicitudes con NIT válido, razón social, dirección, representante, concepto sanitario vigente, RUT y Cámara de Comercio. | H15: Respuesta 201 con el id de la solicitud y estado 'Pendiente'. El registro existe en la base de datos.
A16: PY-02 | B16: Servicio Python – CRUD | C16: Consultar solicitudes | D16: Funcional | E16: Alta | F16: Existen al menos 3 solicitudes. | G16: 1. GET /solicitudes. 2. GET /solicitudes/{id}. | H16: 200 con la lista y con el detalle. Un id inexistente responde 404 con mensaje claro.
... A30: MA-03 | B30: Mapa y rastreo | C30: Sin servicio de rutas | D30: Negativo / resiliencia | E30: Media | F30: API key de OpenRouteService inválida o sin internet. | G30: 1. Abrir el rastreo de un pedido 'En camino'. | H30: Se muestran los marcadores de origen y destino con una línea recta y el aviso 'Ruta aproximada'; la página no se rompe.
